node,x,y,leverage,is_reference_optimizer
0,0.45727221213332536,0.9116937496922586,0.22906765509311663,0
1,0.8659442320200857,0.1327536326410238,0.6033543968982259,1
2,0.1755421078092344,0.5183250587545212,0.17800962817201257,0
3,0.2331410102393533,0.7778147793854825,0.4268115285007627,0
4,0.6831741491884541,0.8976566498452847,0.4818727691645409,1
5,0.5513532636757733,0.9091924870425151,0.22967049382871943,0
6,0.21404310103604995,0.13285734230812873,0.30187317246899126,0
7,0.7476958561958755,0.29773940927114284,0.36669237441149954,0
8,0.11327442826283074,0.2610278224970033,0.29439607616096575,0
9,0.24550854062431826,0.7865980212413435,0.17707925440437772,0
10,0.06438089143705517,0.32743118618713807,0.2990585425531977,0
11,0.7211357443374147,0.4408593004082777,0.4121141083435895,0
