set_id,set,distance,replacement_count,objective_t,objective_t1,objective_gap,lambda_min,is_reference_optimizer,is_new_optimizer,B_t,is_best_at_exact_distance
0,"(0, 1)",1,1,-1.980126493993109,-1.9377586805257758,0.5668718479360475,0.2286481174181176,0,0,2.301279939153779,0
1,"(0, 2)",3,2,-3.331740793340745,-3.348333169143245,1.9184861472836836,0.12805932150212468,0,0,2.301279939153779,0
2,"(0, 3)",3,2,-3.0162290120833353,-3.1518847752470043,1.6029743660262739,0.08595037451774196,0,0,2.301279939153779,0
3,"(0, 4)",2,1,-2.5129938711315685,-2.522173148451238,1.099739225074507,0.14255291538137793,0,0,2.301279939153779,0
4,"(0, 5)",3,2,-6.342220747952699,-6.919407916763756,4.928966101895638,0.003870108153976186,0,0,2.301279939153779,0
5,"(0, 6)",3,2,-2.686681871069977,-2.687465756335519,1.2734272250129157,0.21680842229833955,0,0,2.301279939153779,0
6,"(0, 7)",1,2,-2.483291369225925,-2.479753339196843,1.0700367231688634,0.22532345495490827,0,0,2.301279939153779,0
7,"(0, 8)",3,2,-2.709708989135189,-2.709983011170869,1.2964543430781275,0.21760254410217048,0,0,2.301279939153779,0
8,"(0, 9)",3,2,-6.321681685381168,-6.338411033749071,4.908427039324106,0.004473583368403386,0,0,2.301279939153779,0
9,"(0, 10)",3,2,-2.6953227506879496,-2.695929997576277,1.2820681046308882,0.21706592637046443,0,0,2.301279939153779,0
10,"(0, 11)",1,2,-2.3623267763349776,-2.334644802805748,0.9490721302779161,0.22797484858487396,0,0,2.301279939153779,0
11,"(1, 2)",2,1,-2.2926063484812245,-2.2667585564154855,0.879351702424163,0.16346061147858318,0,0,2.301279939153779,0
12,"(1, 3)",2,1,-1.510178123492808,-1.5340260123962046,0.09692347743574659,0.3042754053006305,0,0,2.301279939153779,1
13,"(1, 4)",0,0,-1.4132546460570614,-1.3992983094174807,0.0,0.3166057830742913,1,0,2.301279939153779,1
14,"(1, 5)",1,1,-1.9955335529413425,-1.9596189216509527,0.5822789068842811,0.22275611874573625,0,0,2.301279939153779,0
15,"(1, 6)",3,1,-1.7083109947944992,-1.6682875155021737,0.2950563487374378,0.29870568198413205,0,0,2.301279939153779,1
16,"(1, 7)",2,1,-2.4100048190089294,-2.2364962117231206,0.996750172951868,0.10366682955608303,0,0,2.301279939153779,0
17,"(1, 8)",3,1,-1.7310314836350773,-1.6904974170269473,0.3177768375780159,0.2927107729405541,0,0,2.301279939153779,0
18,"(1, 9)",1,1,-2.238626041145662,-2.1973903773669226,0.8253713950886006,0.17652476565100897,0,0,2.301279939153779,0
19,"(1, 10)",3,1,-1.716589188188037,-1.676372485018817,0.30333454213097566,0.29658005963388145,0,0,2.301279939153779,0
20,"(1, 11)",1,1,-1.441908652901005,-1.35681914399124,0.02865400684394359,0.36172708097487616,0,1,2.301279939153779,1
21,"(2, 3)",4,2,-3.0995533780248485,-3.161016133518389,1.6862987319677871,0.08704384218904135,0,0,2.301279939153779,0
22,"(2, 4)",2,1,-2.4989069004435907,-2.5186780006273892,1.0856522543865292,0.16658141224276127,0,0,2.301279939153779,0
23,"(2, 5)",3,2,-3.268614820349026,-3.313575428126174,1.8553601742919645,0.14474978104392927,0,0,2.301279939153779,0
24,"(2, 6)",4,2,-3.6225969844488226,-3.667889382974568,2.209342338391761,0.06427506019802467,0,0,2.301279939153779,0
25,"(2, 7)",2,2,-2.7322579665492777,-2.745005581782129,1.3190033204922162,0.17694201283384556,0,0,2.301279939153779,0
26,"(2, 8)",4,2,-3.710093160413474,-3.7554529699248085,2.2968385143564127,0.059238041173158514,0,0,2.301279939153779,0
27,"(2, 9)",3,2,-3.798848604626915,-3.815008674462352,2.385593958569854,0.08201704030460905,0,0,2.301279939153779,0
28,"(2, 10)",4,2,-3.657063840480635,-3.7027127378203457,2.2438091944235734,0.06220957951568922,0,0,2.301279939153779,0
29,"(2, 11)",2,2,-2.6952339553844684,-2.681625903832167,1.281979309327407,0.15529447441671512,0,0,2.301279939153779,0
30,"(3, 4)",2,1,-1.636758177486941,-1.6962274281909426,0.22350353142987966,0.34563669066139696,0,0,2.301279939153779,0
31,"(3, 5)",3,2,-2.708608715833676,-2.90590918866166,1.2953540697766144,0.12547829599453345,0,0,2.301279939153779,0
32,"(3, 6)",4,2,-2.05657160132267,-2.12057676035299,0.6433169552656084,0.2946740970134817,0,0,2.301279939153779,1
33,"(3, 7)",2,2,-1.867341085222193,-1.933535356706983,0.4540864391651316,0.3431040047103299,0,0,2.301279939153779,0
34,"(3, 8)",4,2,-2.077533601511372,-2.141488914739057,0.6642789554543107,0.29134788507519066,0,0,2.301279939153779,0
35,"(3, 9)",3,2,-3.5904856347636307,-3.74127716886393,2.1772309887065693,0.049782570142638816,0,0,2.301279939153779,0
36,"(3, 10)",4,2,-2.064066487984085,-2.1280816715188626,0.6508118419270237,0.29376056211278506,0,0,2.301279939153779,0
37,"(3, 11)",2,2,-1.9513396443454483,-1.982405727026253,0.5380849982883869,0.23543713135976999,0,0,2.301279939153779,0
38,"(4, 5)",2,1,-2.7782568308202653,-2.724717419179549,1.365002184763204,0.10194746307427689,0,0,2.301279939153779,0
39,"(4, 6)",3,1,-1.929103830245445,-1.9410129016458435,0.5158491841883837,0.30084500234233114,0,0,2.301279939153779,0
40,"(4, 7)",1,1,-1.755232509970999,-1.7709722408896824,0.3419778639139377,0.33973284431457573,0,0,2.301279939153779,0
41,"(4, 8)",3,1,-1.9530862131474798,-1.9647641270507217,0.5398315670904184,0.29425860194061293,0,0,2.301279939153779,0
42,"(4, 9)",2,1,-2.629394325802276,-2.6417378740718123,1.2161396797452144,0.13860351294166667,0,0,2.301279939153779,0
43,"(4, 10)",3,1,-1.9378691792467024,-1.9497235050734045,0.524614533189641,0.2985257580954988,0,0,2.301279939153779,0
44,"(4, 11)",1,1,-2.2424504682127155,-2.24532900996603,0.8291958221556541,0.1410437962945764,0,0,2.301279939153779,0
45,"(5, 6)",3,2,-2.6786717137643143,-2.6940603167825845,1.265417067707253,0.22127035973738626,0,0,2.301279939153779,0
46,"(5, 7)",1,2,-2.4783584061918478,-2.4880286722192797,1.0651037601347864,0.22724937647009522,0,0,2.301279939153779,0
47,"(5, 8)",3,2,-2.7032368392826625,-2.717774992376835,1.289982193225601,0.22112959973012095,0,0,2.301279939153779,0
48,"(5, 9)",3,2,-5.30746307452376,-5.567005525081504,3.8942084284666985,0.012569057937125249,0,0,2.301279939153779,0
49,"(5, 10)",3,2,-2.687947159344774,-2.7030267132043733,1.2746925132877127,0.22114221808783918,0,0,2.301279939153779,0
50,"(5, 11)",1,2,-2.3862237629354497,-2.3624484746328522,0.9729691168783883,0.21603279761056285,0,0,2.301279939153779,0
51,"(6, 7)",3,2,-2.2016007933402215,-2.1999400697000517,0.7883461472831601,0.3008306386571043,0,0,2.301279939153779,0
52,"(6, 8)",5,2,-9.24206038778813,-9.27121878274797,7.8288057417310695,0.00016251750500194292,0,0,2.301279939153779,1
53,"(6, 9)",3,2,-2.9295939524639634,-2.9304561480582083,1.516339306406902,0.17678544443118155,0,0,2.301279939153779,0
54,"(6, 10)",5,2,-10.97267708790839,-10.975312499480392,9.559422441851329,2.8564222530350066e-05,0,0,2.301279939153779,0
55,"(6, 11)",3,2,-2.0903389205643577,-2.064813010554086,0.6770842745072962,0.2953556936205306,0,0,2.301279939153779,0
56,"(7, 8)",3,2,-2.226573102452176,-2.2243772238487822,0.8133184563951148,0.2936398392054574,0,0,2.301279939153779,0
57,"(7, 9)",1,2,-2.740727697257348,-2.7379503166639205,1.3274730512002866,0.17493985133990397,0,0,2.301279939153779,0
58,"(7, 10)",3,2,-2.2109265228896207,-2.2090799788057245,0.7976718768325592,0.2981333308165204,0,0,2.301279939153779,0
59,"(7, 11)",1,2,-2.850866063931643,-2.857040282904296,1.4376114178745816,0.08306904688863224,0,0,2.301279939153779,0
60,"(8, 9)",3,2,-2.955543544949258,-2.955955646263914,1.5422888988921968,0.17639218813247576,0,0,2.301279939153779,0
61,"(8, 10)",5,2,-10.32973944550445,-10.37777760079438,8.916484799447389,5.501788731532429e-05,0,0,2.301279939153779,0
62,"(8, 11)",3,2,-2.1126672487480675,-2.086728708550762,0.6994126026910061,0.29101254483007416,0,0,2.301279939153779,0
63,"(9, 10)",3,2,-2.9392457417934788,-2.939960834315178,1.5259910957364173,0.17665894624605566,0,0,2.301279939153779,0
64,"(9, 11)",1,2,-2.6189437305400505,-2.59217084294768,1.205689084482989,0.17666703378289333,0,0,2.301279939153779,0
65,"(10, 11)",3,2,-2.098446770832021,-2.0727700781890563,0.6851921247749595,0.29398392366170156,0,0,2.301279939153779,0
